"","SBT.seasonal","O2.seasonal","Presence"
"1",1.372695446,0,0.157618360114332
"2",1.872695446,0,0.162434290306368
"3",2.372695446,0,0.167368172109432
"4",2.872695446,0,0.172421124046636
"5",3.372695446,0,0.177594147928758
"6",3.872695446,0,0.182888120022798
"7",4.372695446,0,0.188303823688284
"8",4.872695446,0,0.193841917123996
"9",5.372695446,0,0.199502893463734
"10",5.872695446,0,0.205287135589585
"11",6.372695446,0,0.211194920621641
"12",6.872695446,0,0.217226439521607
"13",7.372695446,0,0.223381737033563
"14",7.872695446,0,0.229660533851902
"15",8.372695446,0,0.236062264901962
"16",8.872695446,0,0.242586297830246
"17",9.372695446,0,0.249231852385783
"18",9.872695446,0,0.255997858409443
"19",10.372695446,0,0.262883055493002
"20",10.872695446,0,0.269886108082581
"21",11.372695446,0,0.277005507600796
"22",11.872695446,0,0.284239508842339
"23",12.372695446,0,0.291586149111423
"24",12.872695446,0,0.29904325831774
"25",13.372695446,0,0.306608429266134
"26",13.872695446,0,0.314279026403856
"27",14.372695446,0,0.322052220638961
"28",14.872695446,0,0.329925024289223
"29",15.372695446,0,0.337894267419168
"30",15.872695446,0,0.345956555685702
"31",16.372695446,0,0.354108247264819
"32",16.872695446,0,0.36234548008772
"33",17.372695446,0,0.370664222685213
"34",17.872695446,0,0.37906025527581
"35",18.372695446,0,0.38752908678155
"36",18.872695446,0,0.396066019937944
"37",19.372695446,0,0.404666323652486
"38",19.872695446,0,0.413325252374826
"39",20.372695446,0,0.422037864628158
"40",20.872695446,0,0.430799039099743
"41",21.372695446,0,0.439603604046836
"42",21.872695446,0,0.448446218593435
"43",22.372695446,0,0.45732133022484
"44",22.872695446,0,0.466223362050355
"45",23.372695446,0,0.475146818427639
"46",23.872695446,0,0.484086148947684
"47",24.372695446,0,0.493035694705988
"48",24.872695446,0,0.501989770716686
"49",25.372695446,0,0.510942691132289
"50",25.872695446,0,0.519888742757835
"51",26.372695446,0,0.528822128313497
"52",26.872695446,0,0.537737068600288
"53",27.372695446,0,0.546627921443326
"54",27.872695446,0,0.555489148620889
"55",1.372695446,2e-05,0.180194750307247
"56",1.872695446,2e-05,0.185548546402607
"57",2.372695446,2e-05,0.191024389590123
"58",2.872695446,2e-05,0.196622883053085
"59",3.372695446,2e-05,0.202344479910156
"60",3.872695446,2e-05,0.208189474368503
"61",4.372695446,2e-05,0.214158038719108
"62",4.872695446,2e-05,0.220250188695433
"63",5.372695446,2e-05,0.226465740907743
"64",5.872695446,2e-05,0.232804374564684
"65",6.372695446,2e-05,0.239265637598452
"66",6.872695446,2e-05,0.245848969280065
"67",7.372695446,2e-05,0.252553635952531
"68",7.872695446,2e-05,0.259378539763239
"69",8.372695446,2e-05,0.26632226412855
"70",8.872695446,2e-05,0.273383313667153
"71",9.372695446,2e-05,0.280560028479917
"72",9.872695446,2e-05,0.287850433566673
"73",10.372695446,2e-05,0.295252349931406
"74",10.872695446,2e-05,0.302763520873398
"75",11.372695446,2e-05,0.310381508979504
"76",11.872695446,2e-05,0.318103631190379
"77",12.372695446,2e-05,0.325926982927189
"78",12.872695446,2e-05,0.333848452409411
"79",13.372695446,2e-05,0.341864692753531
"80",13.872695446,2e-05,0.349972135203011
"81",14.372695446,2e-05,0.358167029724932
"82",14.872695446,2e-05,0.366445485217238
"83",15.372695446,2e-05,0.3748034477704
"84",15.872695446,2e-05,0.383236660010556
"85",16.372695446,2e-05,0.391740641032806
"86",16.872695446,2e-05,0.400310719001791
"87",17.372695446,2e-05,0.408942087751305
"88",17.872695446,2e-05,0.417629790415887
"89",18.372695446,2e-05,0.426368637323933
"90",18.872695446,2e-05,0.435153277454978
"91",19.372695446,2e-05,0.443978378625317
"92",19.872695446,2e-05,0.452838648295292
"93",20.372695446,2e-05,0.461728649312297
"94",20.872695446,2e-05,0.470642819441893
"95",21.372695446,2e-05,0.479575605335859
"96",21.872695446,2e-05,0.488521343510517
"97",22.372695446,2e-05,0.497474220045307
"98",22.872695446,2e-05,0.506428461696555
"99",23.372695446,2e-05,0.515378441883136
"100",23.872695446,2e-05,0.524318543425297
"101",24.372695446,2e-05,0.533243105474906
"102",24.872695446,2e-05,0.542146506440239
"103",25.372695446,2e-05,0.551023188759186
"104",25.872695446,2e-05,0.55986763209603
"105",26.372695446,2e-05,0.568674297111647
"106",26.872695446,2e-05,0.57743772606852
"107",27.372695446,2e-05,0.586152658038604
"108",27.872695446,2e-05,0.594813993681772
"109",1.372695446,4e-05,0.203275327514544
"110",1.872695446,4e-05,0.209139933053124
"111",2.372695446,4e-05,0.215128098133025
"112",2.872695446,4e-05,0.221239822654212
"113",3.372695446,4e-05,0.227474926699571
"114",3.872695446,4e-05,0.233833042363919
"115",4.372695446,4e-05,0.24031365550583
"116",4.872695446,4e-05,0.24691606957142
"117",5.372695446,4e-05,0.253639361357716
"118",5.872695446,4e-05,0.26048244988039
"119",6.372695446,4e-05,0.267444104706711
"120",6.872695446,4e-05,0.274522971992463
"121",7.372695446,4e-05,0.281717507149126
"122",7.872695446,4e-05,0.289025772581066
"123",8.372695446,4e-05,0.296445490819636
"124",8.872695446,4e-05,0.303974304316507
"125",9.372695446,4e-05,0.311609685904776
"126",9.872695446,4e-05,0.319348781725744
"127",10.372695446,4e-05,0.327188533237867
"128",10.872695446,4e-05,0.335125813741215
"129",11.372695446,4e-05,0.343157321628237
"130",11.872695446,4e-05,0.351279515170281
"131",12.372695446,4e-05,0.359488641656348
"132",12.872695446,4e-05,0.36778075595864
"133",13.372695446,4e-05,0.376151694876395
"134",13.872695446,4e-05,0.384597094720524
"135",14.372695446,4e-05,0.393112437109713
"136",14.872695446,4e-05,0.401693093730026
"137",15.372695446,4e-05,0.410334306480363
"138",15.872695446,4e-05,0.419031148442368
"139",16.372695446,4e-05,0.427778506611858
"140",16.872695446,4e-05,0.436571118877551
"141",17.372695446,4e-05,0.445403634959758
"142",17.872695446,4e-05,0.454270602005769
"143",18.372695446,4e-05,0.463166383544451
"144",18.872695446,4e-05,0.472085235388875
"145",19.372695446,4e-05,0.481021490257893
"146",19.872695446,4e-05,0.489969578658033
"147",20.372695446,4e-05,0.498923843062154
"148",20.872695446,4e-05,0.50787855939973
"149",21.372695446,4e-05,0.51682807263114
"150",21.872695446,4e-05,0.52576667762252
"151",22.372695446,4e-05,0.534688580169456
"152",22.872695446,4e-05,0.543588088247686
"153",23.372695446,4e-05,0.552459715851816
"154",23.872695446,4e-05,0.561298044921336
"155",24.372695446,4e-05,0.570097672260131
"156",24.872695446,4e-05,0.578853290761591
"157",25.372695446,4e-05,0.58755971229985
"158",25.872695446,4e-05,0.596211839784495
"159",26.372695446,4e-05,0.604804610892177
"160",26.872695446,4e-05,0.613333095019263
"161",27.372695446,4e-05,0.621792602814327
"162",27.872695446,4e-05,0.630178648508444
"163",1.372695446,6e-05,0.222584087196318
"164",1.872695446,6e-05,0.228845752604228
"165",2.372695446,6e-05,0.235230320875314
"166",2.872695446,6e-05,0.2417372476801
"167",3.372695446,6e-05,0.2483657884497
"168",3.872695446,6e-05,0.255114991265811
"169",4.372695446,6e-05,0.261983742777904
"170",4.872695446,6e-05,0.268970731379002
"171",5.372695446,6e-05,0.276074402295112
"172",5.872695446,6e-05,0.28329303241314
"173",6.372695446,6e-05,0.290624740775393
"174",6.872695446,6e-05,0.298067517638829
"175",7.372695446,6e-05,0.305619155382935
"176",7.872695446,6e-05,0.313277038921379
"177",8.372695446,6e-05,0.321038205309098
"178",8.872695446,6e-05,0.328899618475544
"179",9.372695446,6e-05,0.336858077342289
"180",9.872695446,6e-05,0.344910054761261
"181",10.372695446,6e-05,0.353051827851117
"182",10.872695446,6e-05,0.361279622017873
"183",11.372695446,6e-05,0.369589501933551
"184",11.872695446,6e-05,0.377977306610963
"185",12.372695446,6e-05,0.386438682418229
"186",12.872695446,6e-05,0.394969104892334
"187",13.372695446,6e-05,0.403563854969573
"188",13.872695446,6e-05,0.412218039782668
"189",14.372695446,6e-05,0.420926642053296
"190",14.872695446,6e-05,0.429684567842913
"191",15.372695446,6e-05,0.438486627965293
"192",15.872695446,6e-05,0.447327500123119
"193",16.372695446,6e-05,0.456201713532649
"194",16.872695446,6e-05,0.465103688577085
"195",17.372695446,6e-05,0.474027800127512
"196",17.872695446,6e-05,0.482968364150885
"197",18.372695446,6e-05,0.491919557439288
"198",18.872695446,6e-05,0.500875495710566
"199",19.372695446,6e-05,0.509830419521214
"200",19.872695446,6e-05,0.518778714235613
"201",20.372695446,6e-05,0.527714723596174
"202",20.872695446,6e-05,0.536632771767568
"203",21.372695446,6e-05,0.545527298303727
"204",21.872695446,6e-05,0.554392739023235
"205",22.372695446,6e-05,0.563223487521701
"206",22.872695446,6e-05,0.572014084257105
"207",23.372695446,6e-05,0.58075931717376
"208",23.872695446,6e-05,0.589454083297131
"209",24.372695446,6e-05,0.598093335306754
"210",24.872695446,6e-05,0.606672160153463
"211",25.372695446,6e-05,0.615185799693208
"212",25.872695446,6e-05,0.623629621465013
"213",26.372695446,6e-05,0.631999062211608
"214",26.872695446,6e-05,0.640289720820636
"215",27.372695446,6e-05,0.648497462341222
"216",27.872695446,6e-05,0.656618378376311
"217",1.372695446,8e-05,0.233984230285765
"218",1.872695446,8e-05,0.240467401575872
"219",2.372695446,8e-05,0.247072320509571
"220",2.872695446,8e-05,0.253798111014975
"221",3.372695446,8e-05,0.260643686918349
"222",3.872695446,8e-05,0.267607745648948
"223",4.372695446,8e-05,0.274688816669883
"224",4.872695446,8e-05,0.281885224511033
"225",5.372695446,8e-05,0.289195043730215
"226",5.872695446,8e-05,0.296616177215787
"227",6.372695446,8e-05,0.304146368049603
"228",6.872695446,8e-05,0.311783230375914
"229",7.372695446,8e-05,0.319524179556692
"230",7.872695446,8e-05,0.327366218968245
"231",8.372695446,8e-05,0.335306003385497
"232",8.872695446,8e-05,0.343340121793273
"233",9.372695446,8e-05,0.351465004405566
"234",9.872695446,8e-05,0.35967675975868
"235",10.372695446,8e-05,0.367971309570107
"236",10.872695446,8e-05,0.376344536691545
"237",11.372695446,8e-05,0.384792175018383
"238",11.872695446,8e-05,0.393309744864437
"239",12.372695446,8e-05,0.401892588060292
"240",12.872695446,8e-05,0.410535891486318
"241",13.372695446,8e-05,0.419234664341105
"242",13.872695446,8e-05,0.427983760589147
"243",14.372695446,8e-05,0.436777930110707
"244",14.872695446,8e-05,0.445611867835534
"245",15.372695446,8e-05,0.454480195719441
"246",15.872695446,8e-05,0.463377425429756
"247",16.372695446,8e-05,0.472297943853082
"248",16.872695446,8e-05,0.481236053896067
"249",17.372695446,8e-05,0.49018603869564
"250",17.872695446,8e-05,0.499142148546158
"251",18.372695446,8e-05,0.50809852099901
"252",18.872695446,8e-05,0.517049259664856
"253",19.372695446,8e-05,0.525988619989913
"254",19.872695446,8e-05,0.534911028331301
"255",20.372695446,8e-05,0.543810895411577
"256",20.872695446,8e-05,0.552682638294577
"257",21.372695446,8e-05,0.561520814311073
"258",21.872695446,8e-05,0.57032000197584
"259",22.372695446,8e-05,0.579074762580916
"260",22.872695446,8e-05,0.587779827241591
"261",23.372695446,8e-05,0.596430195184697
"262",23.872695446,8e-05,0.605020995312205
"263",24.372695446,8e-05,0.613547432496134
"264",24.872695446,8e-05,0.62200486431074
"265",25.372695446,8e-05,0.630388820166915
"266",25.872695446,8e-05,0.63869497129131
"267",26.372695446,8e-05,0.646919074120442
"268",26.872695446,8e-05,0.65505706063716
"269",27.372695446,8e-05,0.663105138975796
"270",27.872695446,8e-05,0.671059752790144
"271",1.372695446,1e-04,0.235290708749218
"272",1.872695446,1e-04,0.241798652927928
"273",2.372695446,1e-04,0.248428177495774
"274",2.872695446,1e-04,0.25517836804069
"275",3.372695446,1e-04,0.262048099028675
"276",3.872695446,1e-04,0.269036027610147
"277",4.372695446,1e-04,0.276140642340622
"278",4.872695446,1e-04,0.283360226207583
"279",5.372695446,1e-04,0.290692811588507
"280",5.872695446,1e-04,0.298136258948463
"281",6.372695446,1e-04,0.305688268863003
"282",6.872695446,1e-04,0.313346413094383
"283",7.372695446,1e-04,0.321108064672559
"284",7.872695446,1e-04,0.328970184308661
"285",8.372695446,1e-04,0.33692938420817
"286",8.872695446,1e-04,0.344982211772061
"287",9.372695446,1e-04,0.353125056501644
"288",9.872695446,1e-04,0.361353986901661
"289",10.372695446,1e-04,0.36966488583743
"290",10.872695446,1e-04,0.378053598914282
"291",11.372695446,1e-04,0.386515824275075
"292",11.872695446,1e-04,0.395047048013234
"293",12.372695446,1e-04,0.403642579498654
"294",12.872695446,1e-04,0.412297575096912
"295",13.372695446,1e-04,0.421007015551337
"296",13.872695446,1e-04,0.429765728606946
"297",14.372695446,1e-04,0.438568440343638
"298",14.872695446,1e-04,0.447409824449792
"299",15.372695446,1e-04,0.456284484253894
"300",15.872695446,1e-04,0.465186915465284
"301",16.372695446,1e-04,0.474111491771427
"302",16.872695446,1e-04,0.483052505750014
"303",17.372695446,1e-04,0.492004233157561
"304",17.872695446,1e-04,0.500960919880236
"305",18.372695446,1e-04,0.509916702071376
"306",18.872695446,1e-04,0.518865685007799
"307",19.372695446,1e-04,0.527802128811701
"308",19.872695446,1e-04,0.53672046740871
"309",20.372695446,1e-04,0.545615121979842
"310",20.872695446,1e-04,0.554480522912906
"311",21.372695446,1e-04,0.563311243580558
"312",21.872695446,1e-04,0.572101881264593
"313",22.372695446,1e-04,0.580847018750406
"314",22.872695446,1e-04,0.589541411108623
"315",23.372695446,1e-04,0.598180083699216
"316",23.872695446,1e-04,0.606758193739843
"317",24.372695446,1e-04,0.615270976567257
"318",24.872695446,1e-04,0.623713822141011
"319",25.372695446,1e-04,0.632082294001082
"320",25.872695446,1e-04,0.640372099155468
"321",26.372695446,1e-04,0.648579031461387
"322",26.872695446,1e-04,0.656699061655906
"323",27.372695446,1e-04,0.664728437566579
"324",27.872695446,1e-04,0.672663643369131
"325",1.372695446,0.00012,0.225070144395078
"326",1.872695446,0.00012,0.231380931561018
"327",2.372695446,0.00012,0.237814416860191
"328",2.872695446,0.00012,0.244369984120554
"329",3.372695446,0.00012,0.251046814635137
"330",3.872695446,0.00012,0.257843880218507
"331",4.372695446,0.00012,0.264759989669442
"332",4.872695446,0.00012,0.271793751901291
"333",5.372695446,0.00012,0.278943530987466
"334",5.872695446,0.00012,0.286207521750915
"335",6.372695446,0.00012,0.293583760552334
"336",6.872695446,0.00012,0.301070154743615
"337",7.372695446,0.00012,0.308664413395001
"338",7.872695446,0.00012,0.316363836875749
"339",8.372695446,0.00012,0.324165377289437
"340",8.872695446,0.00012,0.332065915016501
"341",9.372695446,0.00012,0.340062166576155
"342",9.872695446,0.00012,0.348150523132553
"343",10.372695446,0.00012,0.356327181843582
"344",10.872695446,0.00012,0.364588290771117
"345",11.372695446,0.00012,0.372929839611439
"346",11.872695446,0.00012,0.381347594829314
"347",12.372695446,0.00012,0.389837133141357
"348",12.872695446,0.00012,0.398393863718504
"349",13.372695446,0.00012,0.407013004649264
"350",13.872695446,0.00012,0.415689604113561
"351",14.372695446,0.00012,0.424418590182389
"352",14.872695446,0.00012,0.433194818894931
"353",15.372695446,0.00012,0.442013055806633
"354",15.872695446,0.00012,0.450867938255305
"355",16.372695446,0.00012,0.459753960193844
"356",16.872695446,0.00012,0.468665512120935
"357",17.372695446,0.00012,0.477596944627863
"358",17.872695446,0.00012,0.486542555093525
"359",18.372695446,0.00012,0.495496507500399
"360",18.872695446,0.00012,0.504452910724227
"361",19.372695446,0.00012,0.513406004470471
"362",19.872695446,0.00012,0.522350179069305
"363",20.372695446,0.00012,0.531279789006014
"364",20.872695446,0.00012,0.540189174973406
"365",21.372695446,0.00012,0.549072798651162
"366",21.872695446,0.00012,0.557925123587301
"367",22.372695446,0.00012,0.566740576739713
"368",22.872695446,0.00012,0.575513737159907
"369",23.372695446,0.00012,0.584239436131365
"370",23.872695446,0.00012,0.592912618746683
"371",24.372695446,0.00012,0.60152829042278
"372",24.872695446,0.00012,0.610081595125246
"373",25.372695446,0.00012,0.618567835682936
"374",25.872695446,0.00012,0.626982444392538
"375",26.372695446,0.00012,0.635320926510125
"376",26.872695446,0.00012,0.643578952635628
"377",27.372695446,0.00012,0.65175246199167
"378",27.872695446,0.00012,0.659837622583534
"379",1.372695446,0.00014,0.204808084920749
"380",1.872695446,0.00014,0.210705216509577
"381",2.372695446,0.00014,0.216725917542105
"382",2.872695446,0.00014,0.222870145794361
"383",3.372695446,0.00014,0.229137677443949
"384",3.872695446,0.00014,0.235528098967511
"385",4.372695446,0.00014,0.242040849217831
"386",4.872695446,0.00014,0.248675183176054
"387",5.372695446,0.00014,0.255430127638793
"388",5.872695446,0.00014,0.26230455056084
"389",6.372695446,0.00014,0.269297169550674
"390",6.872695446,0.00014,0.276406578143467
"391",7.372695446,0.00014,0.283631178303859
"392",7.872695446,0.00014,0.290968977522522
"393",8.372695446,0.00014,0.298417642464699
"394",8.872695446,0.00014,0.305974760006237
"395",9.372695446,0.00014,0.313637747483191
"396",9.872695446,0.00014,0.321403695257941
"397",10.372695446,0.00014,0.329269489417709
"398",10.872695446,0.00014,0.337231948931029
"399",11.372695446,0.00014,0.345287718693158
"400",11.872695446,0.00014,0.353433204321684
"401",12.372695446,0.00014,0.361664601616233
"402",12.872695446,0.00014,0.36997791539473
"403",13.372695446,0.00014,0.378368933989895
"404",13.872695446,0.00014,0.386833247105792
"405",14.372695446,0.00014,0.395366291926427
"406",14.872695446,0.00014,0.403963398141577
"407",15.372695446,0.00014,0.412619768205386
"408",15.872695446,0.00014,0.421330438407841
"409",16.372695446,0.00014,0.430090261773401
"410",16.872695446,0.00014,0.438893945285691
"411",17.372695446,0.00014,0.447736111056629
"412",17.872695446,0.00014,0.456611282023941
"413",18.372695446,0.00014,0.46551380097291
"414",18.872695446,0.00014,0.474437906662497
"415",19.372695446,0.00014,0.483377918625224
"416",19.872695446,0.00014,0.492328258007091
"417",20.372695446,0.00014,0.501283261677113
"418",20.872695446,0.00014,0.51023720379548
"419",21.372695446,0.00014,0.5191844313991
"420",21.872695446,0.00014,0.528119245273782
"421",22.372695446,0.00014,0.537035861035448
"422",22.872695446,0.00014,0.545928600276844
"423",23.372695446,0.00014,0.554791994191925
"424",23.872695446,0.00014,0.563620645463545
"425",24.372695446,0.00014,0.572409175164103
"426",24.872695446,0.00014,0.581152303806897
"427",25.372695446,0.00014,0.589844874076073
"428",25.872695446,0.00014,0.598481822787072
"429",26.372695446,0.00014,0.607058124604527
"430",26.872695446,0.00014,0.615568888701457
"431",27.372695446,0.00014,0.624009467872472
"432",27.872695446,0.00014,0.632375420703523
"433",1.372695446,0.00016,0.186199658090618
"434",1.872695446,0.00016,0.191690149797946
"435",2.372695446,0.00016,0.197303333737607
"436",2.872695446,0.00016,0.203039662439934
"437",3.372695446,0.00016,0.20889943013887
"438",3.872695446,0.00016,0.214882764035186
"439",4.372695446,0.00016,0.220989662501964
"440",4.872695446,0.00016,0.227219959958732
"441",5.372695446,0.00016,0.233573283773225
"442",5.872695446,0.00016,0.240049117838003
"443",6.372695446,0.00016,0.246646809222844
"444",6.872695446,0.00016,0.253365591652192
"445",7.372695446,0.00016,0.260204520328448
"446",7.872695446,0.00016,0.26716227755093
"447",8.372695446,0.00016,0.274237220154862
"448",8.872695446,0.00016,0.28142762481622
"449",9.372695446,0.00016,0.288731601215121
"450",9.872695446,0.00016,0.296146939561211
"451",10.372695446,0.00016,0.303671224623402
"452",10.872695446,0.00016,0.311301964808206
"453",11.372695446,0.00016,0.319036488050334
"454",11.872695446,0.00016,0.326871876719821
"455",12.372695446,0.00016,0.334804993076403
"456",12.872695446,0.00016,0.342832494714617
"457",13.372695446,0.00016,0.350950807226571
"458",13.872695446,0.00016,0.359156138603142
"459",14.372695446,0.00016,0.367444521265665
"460",14.872695446,0.00016,0.3758118535498
"461",15.372695446,0.00016,0.384253878481649
"462",15.872695446,0.00016,0.392766143552744
"463",16.372695446,0.00016,0.401343981424296
"464",16.872695446,0.00016,0.409982543784685
"465",17.372695446,0.00016,0.41867685923383
"466",17.872695446,0.00016,0.427421817498542
"467",18.372695446,0.00016,0.436212087603179
"468",18.872695446,0.00016,0.445042190681566
"469",19.372695446,0.00016,0.453906681645802
"470",19.872695446,0.00016,0.462800170145064
"471",20.372695446,0.00016,0.471717135797487
"472",20.872695446,0.00016,0.480651948378257
"473",21.372695446,0.00016,0.48959900248041
"474",21.872695446,0.00016,0.49855259845275
"475",22.372695446,0.00016,0.507506902530353
"476",22.872695446,0.00016,0.516456138315352
"477",23.372695446,0.00016,0.525394692418198
"478",23.872695446,0.00016,0.534316976942805
"479",24.372695446,0.00016,0.543217376470713
"480",24.872695446,0.00016,0.552090330728238
"481",25.372695446,0.00016,0.560930358983819
"482",25.872695446,0.00016,0.569732033008874
"483",26.372695446,0.00016,0.578489920877368
"484",26.872695446,0.00016,0.587198686781134
"485",27.372695446,0.00016,0.595853204899466
"486",27.872695446,0.00016,0.60444852354545
"487",1.372695446,0.00018,0.182995497462576
"488",1.872695446,0.00018,0.188413382320237
"489",2.372695446,0.00018,0.193953637725681
"490",2.872695446,0.00018,0.199616797216556
"491",3.372695446,0.00018,0.205403240387414
"492",3.872695446,0.00018,0.211313184088301
"493",4.372695446,0.00018,0.217346719981959
"494",4.872695446,0.00018,0.223503779668831
"495",5.372695446,0.00018,0.229784091864104
"496",5.872695446,0.00018,0.236187244983876
"497",6.372695446,0.00018,0.242712693511736
"498",6.872695446,0.00018,0.24935978101337
"499",7.372695446,0.00018,0.256127675434999
"500",7.872695446,0.00018,0.263015176360624
"501",8.372695446,0.00018,0.27002076139498
"502",8.872695446,0.00018,0.27714282861988
"503",9.372695446,0.00018,0.284379610341755
"504",9.872695446,0.00018,0.291729021607372
"505",10.372695446,0.00018,0.299188772680129
"506",10.872695446,0.00018,0.306756496641659
"507",11.372695446,0.00018,0.31442964585794
"508",11.872695446,0.00018,0.322205426962651
"509",12.372695446,0.00018,0.330080825604319
"510",12.872695446,0.00018,0.338052621290946
"511",13.372695446,0.00018,0.346117359748971
"512",13.872695446,0.00018,0.35427136670196
"513",14.372695446,0.00018,0.362510789143034
"514",14.872695446,0.00018,0.370831636144964
"515",15.372695446,0.00018,0.379229757363042
"516",15.872695446,0.00018,0.38770080257941
"517",16.372695446,0.00018,0.396240201998851
"518",16.872695446,0.00018,0.404843199445431
"519",17.372695446,0.00018,0.413504909574779
"520",17.872695446,0.00018,0.42222030178381
"521",18.372695446,0.00018,0.430984118232524
"522",18.872695446,0.00018,0.439790945950641
"523",19.372695446,0.00018,0.448635397744987
"524",19.872695446,0.00018,0.457512133089373
"525",20.372695446,0.00018,0.466415673619002
"526",20.872695446,0.00018,0.47534042298131
"527",21.372695446,0.00018,0.484280801152646
"528",21.872695446,0.00018,0.493231125396244
"529",22.372695446,0.00018,0.502185570170225
"530",22.872695446,0.00018,0.511138358443886
"531",23.372695446,0.00018,0.520083867543357
"532",23.872695446,0.00018,0.529016491768368
"533",24.372695446,0.00018,0.537930589353289
"534",24.872695446,0.00018,0.546820565289806
"535",25.372695446,0.00018,0.555680895936278
"536",25.872695446,0.00018,0.564506102110946
"537",26.372695446,0.00018,0.573290692880189
"538",26.872695446,0.00018,0.58202926581153
"539",27.372695446,0.00018,0.590716621571834
"540",27.872695446,0.00018,0.599347728412431
"541",1.372695446,2e-04,0.194703225006431
"542",1.872695446,2e-04,0.200382721095902
"543",2.372695446,2e-04,0.206185517134515
"544",2.872695446,2e-04,0.212111844333255
"545",3.372695446,2e-04,0.218161764518877
"546",3.872695446,2e-04,0.224335161632997
"547",4.372695446,2e-04,0.230631781685156
"548",4.872695446,2e-04,0.23705119704471
"549",5.372695446,2e-04,0.243592762707988
"550",5.872695446,2e-04,0.250255682508562
"551",6.372695446,2e-04,0.257039016575067
"552",6.872695446,2e-04,0.263941706065471
"553",7.372695446,2e-04,0.270962506839989
"554",7.872695446,2e-04,0.278099790980392
"555",8.372695446,2e-04,0.285351597054143
"556",8.872695446,2e-04,0.292715882781262
"557",9.372695446,2e-04,0.300190436769301
"558",9.872695446,2e-04,0.307772723610943
"559",10.372695446,2e-04,0.315460001953187
"560",10.872695446,2e-04,0.323249457375098
"561",11.372695446,2e-04,0.331138096878822
"562",11.872695446,2e-04,0.339122683681569
"563",12.372695446,2e-04,0.34719976452657
"564",12.872695446,2e-04,0.355365686702924
"565",13.372695446,2e-04,0.363616571537193
"566",13.872695446,2e-04,0.371948330412176
"567",14.372695446,2e-04,0.380356708735755
"568",14.872695446,2e-04,0.388837329125123
"569",15.372695446,2e-04,0.397385670886915
"570",15.872695446,2e-04,0.405997030398637
"571",16.372695446,2e-04,0.414666502857536
"572",16.872695446,2e-04,0.423389017778661
"573",17.372695446,2e-04,0.432159398511914
"574",17.872695446,2e-04,0.440972347198979
"575",18.372695446,2e-04,0.449822363339992
"576",18.872695446,2e-04,0.458703818283938
"577",19.372695446,2e-04,0.467611138594776
"578",19.872695446,2e-04,0.476538827063539
"579",20.372695446,2e-04,0.485481277347405
"580",20.872695446,2e-04,0.494432794908278
"581",21.372695446,2e-04,0.50338773231529
"582",21.872695446,2e-04,0.512340370143202
"583",22.372695446,2e-04,0.521284877607446
"584",22.872695446,2e-04,0.530215504152451
"585",23.372695446,2e-04,0.539126684336749
"586",23.872695446,2e-04,0.548012900009644
"587",24.372695446,2e-04,0.556868627299467
"588",24.872695446,2e-04,0.565688418682978
"589",25.372695446,2e-04,0.574466926705075
"590",25.872695446,2e-04,0.583198876525559
"591",26.372695446,2e-04,0.591879009707723
"592",26.872695446,2e-04,0.600502182709507
"593",27.372695446,2e-04,0.609063478678261
"594",27.872695446,2e-04,0.617558170690111
"595",1.372695446,0.00022,0.205209459153391
"596",1.872695446,0.00022,0.211115079443228
"597",2.372695446,0.00022,0.217144269963353
"598",2.872695446,0.00022,0.22329697742367
"599",3.372695446,0.00022,0.229572966473543
"600",3.872695446,0.00022,0.235971811617656
"601",4.372695446,0.00022,0.242492939378461
"602",4.872695446,0.00022,0.249135592030257
"603",5.372695446,0.00022,0.255898783266999
"604",5.872695446,0.00022,0.262781367669367
"605",6.372695446,0.00022,0.269782049243124
"606",6.872695446,0.00022,0.276899407754096
"607",7.372695446,0.00022,0.284131831188627
"608",7.872695446,0.00022,0.291477312684148
"609",8.372695446,0.00022,0.298933504312454
"610",8.872695446,0.00022,0.30649797843956
"611",9.372695446,0.00022,0.314168137920709
"612",9.872695446,0.00022,0.321941058573367
"613",10.372695446,0.00022,0.329813612055544
"614",10.872695446,0.00022,0.337782603186741
"615",11.372695446,0.00022,0.345844662940364
"616",11.872695446,0.00022,0.353996183242175
"617",12.372695446,0.00022,0.362233346513717
"618",12.872695446,0.00022,0.370552144579143
"619",13.372695446,0.00022,0.378948353201668
"620",13.872695446,0.00022,0.387417550010884
"621",14.372695446,0.00022,0.395955160692452
"622",14.872695446,0.00022,0.404556504082852
"623",15.372695446,0.00022,0.413216772457284
"624",15.872695446,0.00022,0.421930992627529
"625",16.372695446,0.00022,0.430694008883912
"626",16.872695446,0.00022,0.439500520283454
"627",17.372695446,0.00022,0.448345141878148
"628",17.872695446,0.00022,0.457222390438613
"629",18.372695446,0.00022,0.466126603493287
"630",18.872695446,0.00022,0.475052015511646
"631",19.372695446,0.00022,0.483992942748511
"632",19.872695446,0.00022,0.492943804072064
"633",20.372695446,0.00022,0.501898935055923
"634",20.872695446,0.00022,0.510852609566674
"635",21.372695446,0.00022,0.519799175350559
"636",21.872695446,0.00022,0.528732934905027
"637",22.372695446,0.00022,0.537648106574454
"638",22.872695446,0.00022,0.54653901566751
"639",23.372695446,0.00022,0.555400198024134
"640",23.872695446,0.00022,0.564226261893534
"641",24.372695446,0.00022,0.573011834829578
"642",24.872695446,0.00022,0.5817516446956
"643",25.372695446,0.00022,0.590440542351493
"644",25.872695446,0.00022,0.599073473589215
"645",26.372695446,0.00022,0.607645422846952
"646",26.872695446,0.00022,0.616151509790626
"647",27.372695446,0.00022,0.624587098316652
"648",27.872695446,0.00022,0.632947758679782
"649",1.372695446,0.00024,0.193796997705847
"650",1.872695446,0.00024,0.199456606491619
"651",2.372695446,0.00024,0.205239467257233
"652",2.872695446,0.00024,0.211145835209787
"653",3.372695446,0.00024,0.217175797320042
"654",3.872695446,0.00024,0.223329263791977
"655",4.372695446,0.00024,0.229606007827807
"656",4.872695446,0.00024,0.236005629976236
"657",5.372695446,0.00024,0.242527514460746
"658",5.872695446,0.00024,0.249170895108946
"659",6.372695446,0.00024,0.255934862721471
"660",6.872695446,0.00024,0.262818389670481
"661",7.372695446,0.00024,0.269820263687749
"662",7.872695446,0.00024,0.276938889804053
"663",8.372695446,0.00024,0.284172340310959
"664",8.872695446,0.00024,0.291518606656894
"665",9.372695446,0.00024,0.298975511326241
"666",9.872695446,0.00024,0.306540553182271
"667",10.372695446,0.00024,0.314211025111844
"668",10.872695446,0.00024,0.321984146506726
"669",11.372695446,0.00024,0.329856957895355
"670",11.872695446,0.00024,0.337826255741518
"671",12.372695446,0.00024,0.345888619559216
"672",12.872695446,0.00024,0.354040428766347
"673",13.372695446,0.00024,0.362277836086854
"674",13.872695446,0.00024,0.370596783399849
"675",14.372695446,0.00024,0.378993045507703
"676",14.872695446,0.00024,0.38746227314538
"677",15.372695446,0.00024,0.395999972387374
"678",15.872695446,0.00024,0.404601464965263
"679",16.372695446,0.00024,0.413261869908333
"680",16.872695446,0.00024,0.421976138874811
"681",17.372695446,0.00024,0.430739115505437
"682",17.872695446,0.00024,0.439545520306369
"683",18.372695446,0.00024,0.448389869173924
"684",18.872695446,0.00024,0.457266547719379
"685",19.372695446,0.00024,0.466169994476074
"686",19.872695446,0.00024,0.475094721914659
"687",20.372695446,0.00024,0.484035131138564
"688",20.872695446,0.00024,0.492985532752427
"689",21.372695446,0.00024,0.501940282114379
"690",21.872695446,0.00024,0.510893660237827
"691",22.372695446,0.00024,0.519839834378538
"692",22.872695446,0.00024,0.528773049633284
"693",23.372695446,0.00024,0.537687733919555
"694",23.872695446,0.00024,0.546578360182288
"695",24.372695446,0.00024,0.555439393385364
"696",24.872695446,0.00024,0.564265372656733
"697",25.372695446,0.00024,0.573050935087686
"698",25.872695446,0.00024,0.581790788327638
"699",26.372695446,0.00024,0.590479654376368
"700",26.872695446,0.00024,0.599112368226608
"701",27.372695446,0.00024,0.607683989888727
"702",27.872695446,0.00024,0.616189767726866
"703",1.372695446,0.00026,0.131316019198837
"704",1.872695446,0.00026,0.135457527461123
"705",2.372695446,0.00026,0.139708680141413
"706",2.872695446,0.00026,0.144071065181544
"707",3.372695446,0.00026,0.148546195398521
"708",3.872695446,0.00026,0.153135500519054
"709",4.372695446,0.00026,0.157840355115828
"710",4.872695446,0.00026,0.162662050290901
"711",5.372695446,0.00026,0.167601758244014
"712",5.872695446,0.00026,0.172660579215788
"713",6.372695446,0.00026,0.177839544837035
"714",6.872695446,0.00026,0.183139634763413
"715",7.372695446,0.00026,0.188561723238283
"716",7.872695446,0.00026,0.19410642066474
"717",8.372695446,0.00026,0.199774104221745
"718",8.872695446,0.00026,0.205565108942483
"719",9.372695446,0.00026,0.211479655136412
"720",9.872695446,0.00026,0.217517719722445
"721",10.372695446,0.00026,0.223679121892207
"722",10.872695446,0.00026,0.229963623946224
"723",11.372695446,0.00026,0.236370841821854
"724",11.872695446,0.00026,0.242900184986195
"725",12.372695446,0.00026,0.249550870175207
"726",12.872695446,0.00026,0.256321927039147
"727",13.372695446,0.00026,0.263212167474866
"728",13.872695446,0.00026,0.27022018947499
"729",14.372695446,0.00026,0.27734440487745
"730",14.872695446,0.00026,0.284583067679244
"731",15.372695446,0.00026,0.291934248682462
"732",15.872695446,0.00026,0.299395792446552
"733",16.372695446,0.00026,0.306965291069303
"734",16.872695446,0.00026,0.314640104326115
"735",17.372695446,0.00026,0.322417402276477
"736",17.872695446,0.00026,0.330294143168895
"737",18.372695446,0.00026,0.338266990447047
"738",18.872695446,0.00026,0.346332368146422
"739",19.372695446,0.00026,0.354486619337033
"740",19.872695446,0.00026,0.362726022186082
"741",20.372695446,0.00026,0.371046614294686
"742",20.872695446,0.00026,0.379444202952599
"743",21.372695446,0.00026,0.387914484888437
"744",21.872695446,0.00026,0.39645292874465
"745",22.372695446,0.00026,0.405054729002193
"746",22.872695446,0.00026,0.413714982909961
"747",23.372695446,0.00026,0.422428791663212
"748",23.872695446,0.00026,0.431191126708402
"749",24.372695446,0.00026,0.439996774244018
"750",24.872695446,0.00026,0.448840413306966
"751",25.372695446,0.00026,0.457716638982904
"752",25.872695446,0.00026,0.46661993473924
"753",26.372695446,0.00026,0.47554461399066
"754",26.872695446,0.00026,0.484484920139453
"755",27.372695446,0.00026,0.493435146006523
"756",27.872695446,0.00026,0.502389602244592
"757",1.372695446,0.00028,0.0465802089785039
"758",1.872695446,0.00028,0.0481975542330681
"759",2.372695446,0.00028,0.0498681327916567
"760",2.872695446,0.00028,0.051593495982318
"761",3.372695446,0.00028,0.0533752208626503
"762",3.872695446,0.00028,0.0552149089181089
"763",4.372695446,0.00028,0.0571141992288046
"764",4.872695446,0.00028,0.0590747592298682
"765",5.372695446,0.00028,0.0610982721208497
"766",5.872695446,0.00028,0.0631864577881114
"767",6.372695446,0.00028,0.0653410764496487
"768",6.872695446,0.00028,0.0675639380439156
"769",7.372695446,0.00028,0.0698568823067649
"770",7.872695446,0.00028,0.0722217128249163
"771",8.372695446,0.00028,0.0746602091960462
"772",8.872695446,0.00028,0.0771742095989615
"773",9.372695446,0.00028,0.0797655817366631
"774",9.872695446,0.00028,0.0824361671517835
"775",10.372695446,0.00028,0.0851878183373322
"776",10.872695446,0.00028,0.0880224447402442
"777",11.372695446,0.00028,0.0909419743029467
"778",11.872695446,0.00028,0.0939483260889777
"779",12.372695446,0.00028,0.0970434155241124
"780",12.872695446,0.00028,0.100229155942513
"781",13.372695446,0.00028,0.103507442657183
"782",13.872695446,0.00028,0.106880152422203
"783",14.372695446,0.00028,0.110349154330049
"784",14.872695446,0.00028,0.113916321554604
"785",15.372695446,0.00028,0.117583516826994
"786",15.872695446,0.00028,0.121352567629123
"787",16.372695446,0.00028,0.125225247921744
"788",16.872695446,0.00028,0.129203282380053
"789",17.372695446,0.00028,0.133288362616985
"790",17.872695446,0.00028,0.137482129854713
"791",18.372695446,0.00028,0.141786122864595
"792",18.872695446,0.00028,0.146201797581584
"793",19.372695446,0.00028,0.150730605902541
"794",19.872695446,0.00028,0.155374000549295
"795",20.372695446,0.00028,0.160133329848954
"796",20.872695446,0.00028,0.165009831593937
"797",21.372695446,0.00028,0.170004691370863
"798",21.872695446,0.00028,0.175118963222888
"799",22.372695446,0.00028,0.180353526550796
"800",22.872695446,0.00028,0.185709177953519
"801",23.372695446,0.00028,0.191186684420276
"802",23.872695446,0.00028,0.196786690770198
"803",24.372695446,0.00028,0.202509669119067
"804",24.872695446,0.00028,0.208355952540023
"805",25.372695446,0.00028,0.214325735511325
"806",25.872695446,0.00028,0.220419039798469
"807",26.372695446,0.00028,0.226635655624314
"808",26.872695446,0.00028,0.232975190537253
"809",27.372695446,0.00028,0.23943713865822
"810",27.872695446,0.00028,0.2460208464078
"811",1.372695446,3e-04,0.00796782909824064
"812",1.872695446,3e-04,0.00825609550838848
"813",2.372695446,3e-04,0.00855470353882901
"814",2.872695446,3e-04,0.00886401862621824
"815",3.372695446,3e-04,0.00918441774087226
"816",3.872695446,3e-04,0.00951628960775943
"817",4.372695446,3e-04,0.00986003757332137
"818",4.872695446,3e-04,0.0102160784744794
"819",5.372695446,3e-04,0.0105848408951888
"820",5.872695446,3e-04,0.0109667695472031
"821",6.372695446,3e-04,0.0113623265922792
"822",6.872695446,3e-04,0.0117719940828428
"823",7.372695446,3e-04,0.0121962710565088
"824",7.872695446,3e-04,0.0126356620215131
"825",8.372695446,3e-04,0.0130906797762432
"826",8.872695446,3e-04,0.0135618615376941
"827",9.372695446,3e-04,0.0140497644644553
"828",9.872695446,3e-04,0.0145549560430849
"829",10.372695446,3e-04,0.0150780219044421
"830",10.872695446,3e-04,0.0156195755958171
"831",11.372695446,3e-04,0.0161802524272
"832",11.872695446,3e-04,0.0167607053092316
"833",12.372695446,3e-04,0.0173616068339363
"834",12.872695446,3e-04,0.0179836507276002
"835",13.372695446,3e-04,0.0186275499393344
"836",13.872695446,3e-04,0.0192940377371851
"837",14.372695446,3e-04,0.0199838711486064
"838",14.872695446,3e-04,0.0206978347282779
"839",15.372695446,3e-04,0.0214367391963102
"840",15.872695446,3e-04,0.0222014179593348
"841",16.372695446,3e-04,0.0229927248478134
"842",16.872695446,3e-04,0.0238115364170651
"843",17.372695446,3e-04,0.0246587568554243
"844",17.872695446,3e-04,0.0255353160921489
"845",18.372695446,3e-04,0.0264421604797422
"846",18.872695446,3e-04,0.0273802583012206
"847",19.372695446,3e-04,0.0283506182740836
"848",19.872695446,3e-04,0.0293542929771006
"849",20.372695446,3e-04,0.0303923583732326
"850",20.872695446,3e-04,0.0314659141140046
"851",21.372695446,3e-04,0.0325760982264048
"852",21.872695446,3e-04,0.0337240715870518
"853",22.372695446,3e-04,0.0349110096853146
"854",22.872695446,3e-04,0.0361381248821909
"855",23.372695446,3e-04,0.0374066810356327
"856",23.872695446,3e-04,0.0387179747509888
"857",24.372695446,3e-04,0.0400733253328367
"858",24.872695446,3e-04,0.0414740842396293
"859",25.372695446,3e-04,0.0429216370150629
"860",25.872695446,3e-04,0.0444173967291174
"861",26.372695446,3e-04,0.0459627906266153
"862",26.872695446,3e-04,0.0475592728854177
"863",27.372695446,3e-04,0.0492083434696309
"864",27.872695446,3e-04,0.0509115414345078
"865",1.372695446,0.00032,0.000881434839930851
"866",1.872695446,0.00032,0.000913560182440254
"867",2.372695446,0.00032,0.000946855546774932
"868",2.872695446,0.00032,0.000981363580606572
"869",3.372695446,0.00032,0.00101712838039221
"870",3.872695446,0.00032,0.00105419552835943
"871",4.372695446,0.00032,0.0010926124261118
"872",4.872695446,0.00032,0.00113242818303933
"873",5.372695446,0.00032,0.00117369343661199
"874",5.872695446,0.00032,0.00121646085882876
"875",6.372695446,0.00032,0.00126078532283765
"876",6.872695446,0.00032,0.00130672419684507
"877",7.372695446,0.00032,0.00135433704039316
"878",7.872695446,0.00032,0.00140368433331543
"879",8.372695446,0.00032,0.00145482781155256
"880",8.872695446,0.00032,0.00150783230329717
"881",9.372695446,0.00032,0.00156276525483498
"882",9.872695446,0.00032,0.00161969567654773
"883",10.372695446,0.00032,0.00167869505162359
"884",10.872695446,0.00032,0.00173983847231317
"885",11.372695446,0.00032,0.00180320398409236
"886",11.872695446,0.00032,0.00186887215360158
"887",12.372695446,0.00032,0.00193692634339271
"888",12.872695446,0.00032,0.0020074529193817
"889",13.372695446,0.00032,0.00208054107996328
"890",13.872695446,0.00032,0.00215628302840883
"891",14.372695446,0.00032,0.00223477441599283
"892",14.872695446,0.00032,0.00231611482860221
"893",15.372695446,0.00032,0.00240040769480901
"894",15.872695446,0.00032,0.00248775995473248
"895",16.372695446,0.00032,0.00257828186892396
"896",16.872695446,0.00032,0.00267208735231452
"897",17.372695446,0.00032,0.00276929461414539
"898",17.872695446,0.00032,0.00287002602584492
"899",18.372695446,0.00032,0.00297440713672112
"900",18.872695446,0.00032,0.00308256739487798
"901",19.372695446,0.00032,0.00319464238213143
"902",19.872695446,0.00032,0.00331077433203942
"903",20.372695446,0.00032,0.00343110988701233
"904",20.872695446,0.00032,0.003555800252597
"905",21.372695446,0.00032,0.00368500303486171
"906",21.872695446,0.00032,0.00381888057985983
"907",22.372695446,0.00032,0.00395759915219178
"908",22.872695446,0.00032,0.00410133168498235
"909",23.372695446,0.00032,0.00425025967697323
"910",23.872695446,0.00032,0.00440457119386032
"911",24.372695446,0.00032,0.00456445987884625
"912",24.872695446,0.00032,0.00473012626682255
"913",25.372695446,0.00032,0.00490177823482535
"914",25.872695446,0.00032,0.00507963045931909
"915",26.372695446,0.00032,0.00526390306411701
"916",26.872695446,0.00032,0.00545482338181975
"917",27.372695446,0.00032,0.00565262848878811
"918",27.872695446,0.00032,0.00585756472089767
