"","SBT.seasonal","O2.seasonal","Presence.SE"
"1",1.372695446,0,0.0585201494227144
"2",1.872695446,0,0.0598779496498993
"3",2.372695446,0,0.0612504579158591
"4",2.872695446,0,0.0626367600484979
"5",3.372695446,0,0.0640358697206996
"6",3.872695446,0,0.0654467195294913
"7",4.372695446,0,0.0668681696746698
"8",4.872695446,0,0.0682990039971116
"9",5.372695446,0,0.0697379253545994
"10",5.872695446,0,0.0711835658088364
"11",6.372695446,0,0.0726344898363692
"12",6.872695446,0,0.0740892018753488
"13",7.372695446,0,0.0755461326477919
"14",7.872695446,0,0.0770035983187001
"15",8.372695446,0,0.0784598170301817
"16",8.872695446,0,0.0799129664329645
"17",9.372695446,0,0.0813611647592022
"18",9.872695446,0,0.0828024455524709
"19",10.372695446,0,0.0842347839041514
"20",10.872695446,0,0.085656126540792
"21",11.372695446,0,0.0870643719678448
"22",11.872695446,0,0.0884573665885832
"23",12.372695446,0,0.0898329105519144
"24",12.872695446,0,0.0911887685700363
"25",13.372695446,0,0.0925226733055361
"26",13.872695446,0,0.093832332461328
"27",14.372695446,0,0.0951154425523291
"28",14.872695446,0,0.0963696977575432
"29",15.372695446,0,0.0975927983192847
"30",15.872695446,0,0.0987824483171193
"31",16.372695446,0,0.0999363655883038
"32",16.872695446,0,0.101052291172381
"33",17.372695446,0,0.102127999476484
"34",17.872695446,0,0.103161307875039
"35",18.372695446,0,0.104150086152727
"36",18.872695446,0,0.105092259990676
"37",19.372695446,0,0.105985838607234
"38",19.872695446,0,0.106828931946511
"39",20.372695446,0,0.107619729372294
"40",20.872695446,0,0.108356504352677
"41",21.372695446,0,0.109037652376114
"42",21.872695446,0,0.109661677839519
"43",22.372695446,0,0.110227179519504
"44",22.872695446,0,0.110732896037368
"45",23.372695446,0,0.111177707210705
"46",23.872695446,0,0.111560622891435
"47",24.372695446,0,0.11188079987891
"48",24.872695446,0,0.112137533857792
"49",25.372695446,0,0.112330264443031
"50",25.872695446,0,0.11245859153933
"51",26.372695446,0,0.112522273981252
"52",26.872695446,0,0.112521223892378
"53",27.372695446,0,0.112455507613795
"54",27.872695446,0,0.112325346452127
"55",1.372695446,2e-05,0.0522228697270086
"56",1.872695446,2e-05,0.0533042180018888
"57",2.372695446,2e-05,0.0543930189579697
"58",2.872695446,2e-05,0.0554884184809517
"59",3.372695446,2e-05,0.05658951209153
"60",3.872695446,2e-05,0.0576953343680828
"61",4.372695446,2e-05,0.0588048664023162
"62",4.872695446,2e-05,0.0599170350661805
"63",5.372695446,2e-05,0.0610307121306178
"64",5.872695446,2e-05,0.0621447204301497
"65",6.372695446,2e-05,0.0632578374252026
"66",6.872695446,2e-05,0.064368801985163
"67",7.372695446,2e-05,0.065476304848246
"68",7.872695446,2e-05,0.0665789568508457
"69",8.372695446,2e-05,0.067675303218496
"70",8.872695446,2e-05,0.0687638704719762
"71",9.372695446,2e-05,0.0698431509477444
"72",9.872695446,2e-05,0.0709115852413001
"73",10.372695446,2e-05,0.0719675822484015
"74",10.872695446,2e-05,0.0730095435080944
"75",11.372695446,2e-05,0.0740358468874123
"76",11.872695446,2e-05,0.0750448465857354
"77",12.372695446,2e-05,0.0760348758904328
"78",12.872695446,2e-05,0.0770042574062655
"79",13.372695446,2e-05,0.0779513070619065
"80",13.872695446,2e-05,0.0788743387584823
"81",14.372695446,2e-05,0.0797716752828143
"82",14.872695446,2e-05,0.0806416529848833
"83",15.372695446,2e-05,0.0814826314742692
"84",15.872695446,2e-05,0.0822929904732473
"85",16.372695446,2e-05,0.0830711401393972
"86",16.872695446,2e-05,0.0838155260913556
"87",17.372695446,2e-05,0.0845246337208846
"88",17.872695446,2e-05,0.0851969974446677
"89",18.372695446,2e-05,0.0858312133119461
"90",18.872695446,2e-05,0.0864259330000327
"91",19.372695446,2e-05,0.0869798832024982
"92",19.872695446,2e-05,0.0874918831118022
"93",20.372695446,2e-05,0.0879608237814879
"94",20.872695446,2e-05,0.0883856685233863
"95",21.372695446,2e-05,0.0887654900867961
"96",21.872695446,2e-05,0.0890994548722373
"97",22.372695446,2e-05,0.0893868006621196
"98",22.872695446,2e-05,0.0896268814324521
"99",23.372695446,2e-05,0.0898191624232634
"100",23.872695446,2e-05,0.0899632082986729
"101",24.372695446,2e-05,0.090058702502204
"102",24.872695446,2e-05,0.0901054318282675
"103",25.372695446,2e-05,0.0901032886573432
"104",25.872695446,2e-05,0.0900522882403486
"105",26.372695446,2e-05,0.0899525658784453
"106",26.872695446,2e-05,0.0898043654229974
"107",27.372695446,2e-05,0.0896080372729259
"108",27.872695446,2e-05,0.0893640400359538
"109",1.372695446,4e-05,0.0528933225490383
"110",1.872695446,4e-05,0.0538765845234731
"111",2.372695446,4e-05,0.0548620018282692
"112",2.872695446,4e-05,0.0558486500696547
"113",3.372695446,4e-05,0.0568355659154875
"114",3.872695446,4e-05,0.0578217357595301
"115",4.372695446,4e-05,0.0588061035712087
"116",4.872695446,4e-05,0.0597875718058498
"117",5.372695446,4e-05,0.060765002484516
"118",5.872695446,4e-05,0.0617372224823077
"119",6.372695446,4e-05,0.0627030276406759
"120",6.872695446,4e-05,0.0636611892416003
"121",7.372695446,4e-05,0.064610447149484
"122",7.872695446,4e-05,0.065549482335542
"123",8.372695446,4e-05,0.0664769307027934
"124",8.872695446,4e-05,0.0673914262143072
"125",9.372695446,4e-05,0.0682915871053528
"126",9.872695446,4e-05,0.069176002234911
"127",10.372695446,4e-05,0.0700432487689248
"128",10.872695446,4e-05,0.0708919141236266
"129",11.372695446,4e-05,0.0717205812405798
"130",11.872695446,4e-05,0.0725278309489916
"131",12.372695446,4e-05,0.0733122436289538
"132",12.872695446,4e-05,0.0740724094994815
"133",13.372695446,4e-05,0.0748069329343807
"134",13.872695446,4e-05,0.0755144360602476
"135",14.372695446,4e-05,0.076193568419633
"136",14.872695446,4e-05,0.0768430095441758
"137",15.372695446,4e-05,0.0774614792167412
"138",15.872695446,4e-05,0.0780477338781153
"139",16.372695446,4e-05,0.0786005772326853
"140",16.872695446,4e-05,0.0791188630821226
"141",17.372695446,4e-05,0.0796014965373264
"142",17.872695446,4e-05,0.0800474428050392
"143",18.372695446,4e-05,0.080455740954158
"144",18.872695446,4e-05,0.0808254931092998
"145",19.372695446,4e-05,0.0811558789752423
"146",19.872695446,4e-05,0.0814461724356374
"147",20.372695446,4e-05,0.0816957210440729
"148",20.872695446,4e-05,0.0819039445417297
"149",21.372695446,4e-05,0.082070370815956
"150",21.872695446,4e-05,0.0821946183905908
"151",22.372695446,4e-05,0.0822763703755243
"152",22.872695446,4e-05,0.0823154174441185
"153",23.372695446,4e-05,0.0823116489615711
"154",23.872695446,4e-05,0.0822650406241228
"155",24.372695446,4e-05,0.0821756745457274
"156",24.872695446,4e-05,0.0820437202520029
"157",25.372695446,4e-05,0.0818694344366925
"158",25.872695446,4e-05,0.0816531773474085
"159",26.372695446,4e-05,0.0813954097760509
"160",26.872695446,4e-05,0.0810966780361426
"161",27.372695446,4e-05,0.0807576089593749
"162",27.872695446,4e-05,0.0803789117397869
"163",1.372695446,6e-05,0.0544093604100015
"164",1.872695446,6e-05,0.0553299012730239
"165",2.372695446,6e-05,0.0562483835758515
"166",2.872695446,6e-05,0.0571638277545886
"167",3.372695446,6e-05,0.0580752250345272
"168",3.872695446,6e-05,0.0589815257194512
"169",4.372695446,6e-05,0.0598816475881355
"170",4.872695446,6e-05,0.0607744778247801
"171",5.372695446,6e-05,0.0616588753548588
"172",5.872695446,6e-05,0.0625336758707615
"173",6.372695446,6e-05,0.0633976962458856
"174",6.872695446,6e-05,0.0642497406177096
"175",7.372695446,6e-05,0.0650885955678477
"176",7.872695446,6e-05,0.0659130055408741
"177",8.372695446,6e-05,0.0667216862409847
"178",8.872695446,6e-05,0.0675133652125715
"179",9.372695446,6e-05,0.0682867691060672
"180",9.872695446,6e-05,0.0690406125110452
"181",10.372695446,6e-05,0.0697736139496892
"182",10.872695446,6e-05,0.0704845159641498
"183",11.372695446,6e-05,0.0711720712941336
"184",11.872695446,6e-05,0.071835046653764
"185",12.372695446,6e-05,0.0724722235893279
"186",12.872695446,6e-05,0.0730824085699081
"187",13.372695446,6e-05,0.0736644371887556
"188",13.872695446,6e-05,0.0742171768190008
"189",14.372695446,6e-05,0.0747395351978895
"190",14.872695446,6e-05,0.0752304613398364
"191",15.372695446,6e-05,0.075688955703396
"192",15.872695446,6e-05,0.0761140661091972
"193",16.372695446,6e-05,0.0765048982106499
"194",16.872695446,6e-05,0.0768606167194884
"195",17.372695446,6e-05,0.0771804444022167
"196",17.872695446,6e-05,0.0774636701703716
"197",18.372695446,6e-05,0.0777096629966161
"198",18.872695446,6e-05,0.0779178580416239
"199",19.372695446,6e-05,0.0780877676812094
"200",19.872695446,6e-05,0.0782189969628148
"201",20.372695446,6e-05,0.0783112230652533
"202",20.872695446,6e-05,0.0783641927516433
"203",21.372695446,6e-05,0.0783777571363313
"204",21.872695446,6e-05,0.0783518531038816
"205",22.372695446,6e-05,0.0782864750170365
"206",22.872695446,6e-05,0.0781817157872292
"207",23.372695446,6e-05,0.07803775561813
"208",23.872695446,6e-05,0.077854849484323
"209",24.372695446,6e-05,0.0776333474415154
"210",24.872695446,6e-05,0.0773736737344943
"211",25.372695446,6e-05,0.0770763248094093
"212",25.872695446,6e-05,0.0767418848023142
"213",26.372695446,6e-05,0.0763710228063443
"214",26.872695446,6e-05,0.0759644759235546
"215",27.372695446,6e-05,0.0755230423561941
"216",27.872695446,6e-05,0.0750475835280184
"217",1.372695446,8e-05,0.0505080247893405
"218",1.872695446,8e-05,0.0512806830243686
"219",2.372695446,8e-05,0.0520495146798396
"220",2.872695446,8e-05,0.052813733972689
"221",3.372695446,8e-05,0.0535725391784863
"222",3.872695446,8e-05,0.054325098679712
"223",4.372695446,8e-05,0.0550705581342719
"224",4.872695446,8e-05,0.0558080430400044
"225",5.372695446,8e-05,0.0565366618947736
"226",5.872695446,8e-05,0.0572555083083398
"227",6.372695446,8e-05,0.0579636644487459
"228",6.872695446,8e-05,0.0586602055009996
"229",7.372695446,8e-05,0.0593441961294199
"230",7.872695446,8e-05,0.0600146680694433
"231",8.372695446,8e-05,0.060670630799098
"232",8.872695446,8e-05,0.0613111071898318
"233",9.372695446,8e-05,0.061935120788276
"234",9.872695446,8e-05,0.0625416862670182
"235",10.372695446,8e-05,0.0631298216842301
"236",10.872695446,8e-05,0.0636985657127535
"237",11.372695446,8e-05,0.064246963625562
"238",11.872695446,8e-05,0.0647740717750381
"239",12.372695446,8e-05,0.0652789560156206
"240",12.872695446,8e-05,0.0657607009862992
"241",13.372695446,8e-05,0.0662184135533708
"242",13.872695446,8e-05,0.0666512235447057
"243",14.372695446,8e-05,0.0670582909794106
"244",14.872695446,8e-05,0.0674388047890795
"245",15.372695446,8e-05,0.0677919932546855
"246",15.872695446,8e-05,0.0681171187346834
"247",16.372695446,8e-05,0.0684134883668118
"248",16.872695446,8e-05,0.0686804536582125
"249",17.372695446,8e-05,0.0689174075525888
"250",17.872695446,8e-05,0.069123792742284
"251",18.372695446,8e-05,0.0692991165688456
"252",18.872695446,8e-05,0.0694429337670891
"253",19.372695446,8e-05,0.0695548571963739
"254",19.872695446,8e-05,0.069634575138235
"255",20.372695446,8e-05,0.0696818286868915
"256",20.872695446,8e-05,0.0696964089328239
"257",21.372695446,8e-05,0.0696781960372149
"258",21.872695446,8e-05,0.0696271384097492
"259",22.372695446,8e-05,0.0695432204845046
"260",22.872695446,8e-05,0.0694265088157321
"261",23.372695446,8e-05,0.0692771410643068
"262",23.872695446,8e-05,0.0690953124972662
"263",24.372695446,8e-05,0.0688812987131371
"264",24.872695446,8e-05,0.0686354337607298
"265",25.372695446,8e-05,0.0683581084549777
"266",25.872695446,8e-05,0.0680497876443964
"267",26.372695446,8e-05,0.0677110077934135
"268",26.872695446,8e-05,0.0673423600689672
"269",27.372695446,8e-05,0.0669444849803317
"270",27.872695446,8e-05,0.0665180758527835
"271",1.372695446,1e-04,0.0453825449246012
"272",1.872695446,1e-04,0.046026803369938
"273",2.372695446,1e-04,0.0466676253865936
"274",2.872695446,1e-04,0.0473044771749833
"275",3.372695446,1e-04,0.0479368186749849
"276",3.872695446,1e-04,0.0485640869660054
"277",4.372695446,1e-04,0.0491857017723272
"278",4.872695446,1e-04,0.0498010680278729
"279",5.372695446,1e-04,0.0504095791326095
"280",5.872695446,1e-04,0.0510106158888232
"281",6.372695446,1e-04,0.0516035486141563
"282",6.872695446,1e-04,0.0521877397768434
"283",7.372695446,1e-04,0.0527625407321919
"284",7.872695446,1e-04,0.0533272697070829
"285",8.372695446,1e-04,0.053881219496114
"286",8.872695446,1e-04,0.0544236893815102
"287",9.372695446,1e-04,0.0549539715669411
"288",9.872695446,1e-04,0.0554713418613092
"289",10.372695446,1e-04,0.0559750687190357
"290",10.872695446,1e-04,0.0564644284703858
"291",11.372695446,1e-04,0.0569386902244415
"292",11.872695446,1e-04,0.0573971204655132
"293",12.372695446,1e-04,0.0578389791183079
"294",12.872695446,1e-04,0.0582635282274009
"295",13.372695446,1e-04,0.0586700346704264
"296",13.872695446,1e-04,0.0590577692829963
"297",14.372695446,1e-04,0.0594260134530363
"298",14.872695446,1e-04,0.0597740563183852
"299",15.372695446,1e-04,0.0601012058046274
"300",15.872695446,1e-04,0.0604067822364115
"301",16.372695446,1e-04,0.0606901297828777
"302",16.872695446,1e-04,0.0609506153176503
"303",17.372695446,1e-04,0.0611876247079397
"304",17.872695446,1e-04,0.0614005721178136
"305",18.372695446,1e-04,0.0615889162255077
"306",18.872695446,1e-04,0.0617521406622148
"307",19.372695446,1e-04,0.0618897670306749
"308",19.872695446,1e-04,0.0620013754830817
"309",20.372695446,1e-04,0.0620865789785403
"310",20.872695446,1e-04,0.0621450210099629
"311",21.372695446,1e-04,0.0621764217319939
"312",21.872695446,1e-04,0.0621805546288043
"313",22.372695446,1e-04,0.0621572101234816
"314",22.872695446,1e-04,0.0621062498274359
"315",23.372695446,1e-04,0.0620275972452772
"316",23.872695446,1e-04,0.061921222773427
"317",24.372695446,1e-04,0.0617871694489833
"318",24.872695446,1e-04,0.0616255306862454
"319",25.372695446,1e-04,0.06143644972658
"320",25.872695446,1e-04,0.061220139596902
"321",26.372695446,1e-04,0.0609768809089942
"322",26.872695446,1e-04,0.0607070057850564
"323",27.372695446,1e-04,0.0604108951486776
"324",27.872695446,1e-04,0.0600889835157422
"325",1.372695446,0.00012,0.0391165731214477
"326",1.872695446,0.00012,0.0396489705120891
"327",2.372695446,0.00012,0.0401798743316276
"328",2.872695446,0.00012,0.0407090441894518
"329",3.372695446,0.00012,0.041236242231648
"330",3.872695446,0.00012,0.0417612138489243
"331",4.372695446,0.00012,0.0422836913079509
"332",4.872695446,0.00012,0.0428033957700858
"333",5.372695446,0.00012,0.0433200400237493
"334",5.872695446,0.00012,0.0438333242391404
"335",6.372695446,0.00012,0.0443429364599045
"336",6.872695446,0.00012,0.0448485531140499
"337",7.372695446,0.00012,0.0453498352145747
"338",7.872695446,0.00012,0.0458464052548555
"339",8.372695446,0.00012,0.0463378515381891
"340",8.872695446,0.00012,0.0468237571644681
"341",9.372695446,0.00012,0.0473036847532157
"342",9.872695446,0.00012,0.0477771660693125
"343",10.372695446,0.00012,0.0482437080423628
"344",10.872695446,0.00012,0.0487028064335975
"345",11.372695446,0.00012,0.049153928568659
"346",11.872695446,0.00012,0.0495965173412241
"347",12.372695446,0.00012,0.0500299847111975
"348",12.872695446,0.00012,0.0504537196529311
"349",13.372695446,0.00012,0.0508670897683836
"350",13.872695446,0.00012,0.0512694387670393
"351",14.372695446,0.00012,0.0516600927598497
"352",14.872695446,0.00012,0.0520383562331806
"353",15.372695446,0.00012,0.0524035238361567
"354",15.872695446,0.00012,0.0527548725303985
"355",16.372695446,0.00012,0.0530916739872599
"356",16.872695446,0.00012,0.053413193175224
"357",17.372695446,0.00012,0.0537186845727403
"358",17.872695446,0.00012,0.0540074030203587
"359",18.372695446,0.00012,0.0542786215396582
"360",18.872695446,0.00012,0.054531609923365
"361",19.372695446,0.00012,0.0547656523066084
"362",19.872695446,0.00012,0.0549800724481749
"363",20.372695446,0.00012,0.05517420349511
"364",20.872695446,0.00012,0.0553473867846922
"365",21.372695446,0.00012,0.0554990279498156
"366",21.872695446,0.00012,0.0556285703713006
"367",22.372695446,0.00012,0.0557354538681024
"368",22.872695446,0.00012,0.0558191807500019
"369",23.372695446,0.00012,0.0558793095147762
"370",23.872695446,0.00012,0.055915437445553
"371",24.372695446,0.00012,0.0559272303650892
"372",24.872695446,0.00012,0.0559144006579708
"373",25.372695446,0.00012,0.0558767086470724
"374",25.872695446,0.00012,0.0558139861247054
"375",26.372695446,0.00012,0.0557261343920947
"376",26.872695446,0.00012,0.0556131098410585
"377",27.372695446,0.00012,0.0554749250765437
"378",27.872695446,0.00012,0.0553116552181025
"379",1.372695446,0.00014,0.0326589412124328
"380",1.872695446,0.00014,0.0330987918226309
"381",2.372695446,0.00014,0.0335394758142207
"382",2.872695446,0.00014,0.0339810386565846
"383",3.372695446,0.00014,0.0344235393687272
"384",3.872695446,0.00014,0.0348670294773713
"385",4.372695446,0.00014,0.0353115552355768
"386",4.872695446,0.00014,0.0357571587378135
"387",5.372695446,0.00014,0.0362038797859064
"388",5.872695446,0.00014,0.0366517493644061
"389",6.372695446,0.00014,0.0371007882728365
"390",6.872695446,0.00014,0.0375510052330357
"391",7.372695446,0.00014,0.0380023924571057
"392",7.872695446,0.00014,0.0384549006462718
"393",8.372695446,0.00014,0.0389084396341298
"394",8.872695446,0.00014,0.0393629049537839
"395",9.372695446,0.00014,0.039818160171683
"396",9.872695446,0.00014,0.0402740242154604
"397",10.372695446,0.00014,0.04073027443289
"398",10.872695446,0.00014,0.0411866585900654
"399",11.372695446,0.00014,0.0416428743704458
"400",11.872695446,0.00014,0.0420985718235196
"401",12.372695446,0.00014,0.0425533440331668
"402",12.872695446,0.00014,0.0430067336497757
"403",13.372695446,0.00014,0.043458232328062
"404",13.872695446,0.00014,0.0439072761045111
"405",14.372695446,0.00014,0.0443532510920951
"406",14.872695446,0.00014,0.0447954880812918
"407",15.372695446,0.00014,0.0452332744695302
"408",15.872695446,0.00014,0.0456658441198449
"409",16.372695446,0.00014,0.0460923901017741
"410",16.872695446,0.00014,0.0465120628750584
"411",17.372695446,0.00014,0.0469239665473388
"412",17.872695446,0.00014,0.0473271710080691
"413",18.372695446,0.00014,0.0477207307251245
"414",18.872695446,0.00014,0.0481036616786816
"415",19.372695446,0.00014,0.0484749647878004
"416",19.872695446,0.00014,0.0488336563203848
"417",20.372695446,0.00014,0.0491787316634215
"418",20.872695446,0.00014,0.0495091654464571
"419",21.372695446,0.00014,0.0498239795306797
"420",21.872695446,0.00014,0.0501222123719982
"421",22.372695446,0.00014,0.0504028719989603
"422",22.872695446,0.00014,0.0506650163675103
"423",23.372695446,0.00014,0.0509077509263253
"424",23.872695446,0.00014,0.0511302076903681
"425",24.372695446,0.00014,0.0513315799856738
"426",24.872695446,0.00014,0.0515111019923724
"427",25.372695446,0.00014,0.0516680523730709
"428",25.872695446,0.00014,0.0518017815191015
"429",26.372695446,0.00014,0.0519117102048472
"430",26.872695446,0.00014,0.0519973178965059
"431",27.372695446,0.00014,0.0520581488407211
"432",27.872695446,0.00014,0.0520938203133501
"433",1.372695446,0.00016,0.027055736115421
"434",1.872695446,0.00016,0.0273960505137305
"435",2.372695446,0.00016,0.0277380043223464
"436",2.872695446,0.00016,0.0280818990243827
"437",3.372695446,0.00016,0.0284280677437183
"438",3.872695446,0.00016,0.0287768531905457
"439",4.372695446,0.00016,0.0291286095117915
"440",4.872695446,0.00016,0.029483702451571
"441",5.372695446,0.00016,0.0298425103495947
"442",5.872695446,0.00016,0.0302054164285307
"443",6.372695446,0.00016,0.030572805389846
"444",6.872695446,0.00016,0.0309450583239629
"445",7.372695446,0.00016,0.0313225486474421
"446",7.872695446,0.00016,0.0317056151867574
"447",8.372695446,0.00016,0.0320945581936011
"448",8.872695446,0.00016,0.0324896631916219
"449",9.372695446,0.00016,0.032891180336744
"450",9.872695446,0.00016,0.0332993087112577
"451",10.372695446,0.00016,0.0337141955581052
"452",10.872695446,0.00016,0.0341359456089919
"453",11.372695446,0.00016,0.0345645961875277
"454",11.872695446,0.00016,0.0350001176045536
"455",12.372695446,0.00016,0.0354424002286803
"456",12.872695446,0.00016,0.0358912586856904
"457",13.372695446,0.00016,0.0363464275782724
"458",13.872695446,0.00016,0.0368075539172833
"459",14.372695446,0.00016,0.0372742016626028
"460",14.872695446,0.00016,0.0377458441947539
"461",15.372695446,0.00016,0.0382218757712502
"462",15.872695446,0.00016,0.0387015981317369
"463",16.372695446,0.00016,0.0391842333034166
"464",16.872695446,0.00016,0.0396689210852025
"465",17.372695446,0.00016,0.0401547149614117
"466",17.872695446,0.00016,0.040640595110245
"467",18.372695446,0.00016,0.0411254874166276
"468",18.872695446,0.00016,0.0416082384015483
"469",19.372695446,0.00016,0.0420876454896012
"470",19.872695446,0.00016,0.0425624925547187
"471",20.372695446,0.00016,0.0430315052398627
"472",20.872695446,0.00016,0.0434933531802635
"473",21.372695446,0.00016,0.0439467325885357
"474",21.872695446,0.00016,0.044390329544506
"475",22.372695446,0.00016,0.044822765153943
"476",22.872695446,0.00016,0.0452426926376901
"477",23.372695446,0.00016,0.0456487986626636
"478",23.872695446,0.00016,0.0460397768570425
"479",24.372695446,0.00016,0.0464143688255183
"480",24.872695446,0.00016,0.0467713463531022
"481",25.372695446,0.00016,0.0471095162467279
"482",25.872695446,0.00016,0.0474277504610554
"483",26.372695446,0.00016,0.0477249862380458
"484",26.872695446,0.00016,0.0480002172968746
"485",27.372695446,0.00016,0.0482525047773977
"486",27.872695446,0.00016,0.0484809877511539
"487",1.372695446,0.00018,0.0248001929765232
"488",1.872695446,0.00018,0.025066754100535
"489",2.372695446,0.00018,0.0253337123289567
"490",2.872695446,0.00018,0.0256014957885997
"491",3.372695446,0.00018,0.0258705814525078
"492",3.872695446,0.00018,0.0261414727536569
"493",4.372695446,0.00018,0.0264147030276237
"494",4.872695446,0.00018,0.0266908343011812
"495",5.372695446,0.00018,0.0269704569389046
"496",5.872695446,0.00018,0.0272541833925244
"497",6.372695446,0.00018,0.0275426434713773
"498",6.872695446,0.00018,0.0278364755246049
"499",7.372695446,0.00018,0.0281363245509788
"500",7.872695446,0.00018,0.0284428132893797
"501",8.372695446,0.00018,0.0287565335603903
"502",8.872695446,0.00018,0.0290780693005288
"503",9.372695446,0.00018,0.0294079732529532
"504",9.872695446,0.00018,0.0297467480668314
"505",10.372695446,0.00018,0.030094842448772
"506",10.872695446,0.00018,0.0304526580814034
"507",11.372695446,0.00018,0.0308205199077654
"508",11.872695446,0.00018,0.031198674993416
"509",12.372695446,0.00018,0.0315872768414455
"510",12.872695446,0.00018,0.0319863874422561
"511",13.372695446,0.00018,0.032395968629963
"512",13.872695446,0.00018,0.032815872161639
"513",14.372695446,0.00018,0.0332458438377081
"514",14.872695446,0.00018,0.0336855142874731
"515",15.372695446,0.00018,0.0341344097431386
"516",15.872695446,0.00018,0.0345919358220548
"517",16.372695446,0.00018,0.0350573911769739
"518",16.872695446,0.00018,0.0355299655349035
"519",17.372695446,0.00018,0.0360087359854484
"520",17.872695446,0.00018,0.0364926805983678
"521",18.372695446,0.00018,0.0369806964555843
"522",18.872695446,0.00018,0.0374715743765888
"523",19.372695446,0.00018,0.0379640370634436
"524",19.872695446,0.00018,0.0384567780788472
"525",20.372695446,0.00018,0.0389484069380191
"526",20.872695446,0.00018,0.0394374557810906
"527",21.372695446,0.00018,0.039922477459459
"528",21.872695446,0.00018,0.0404020009978752
"529",22.372695446,0.00018,0.040874468239001
"530",22.872695446,0.00018,0.0413383465183583
"531",23.372695446,0.00018,0.0417921327645791
"532",23.872695446,0.00018,0.0422343192380591
"533",24.372695446,0.00018,0.0426634400874385
"534",24.872695446,0.00018,0.0430780576877425
"535",25.372695446,0.00018,0.0434767657662896
"536",25.872695446,0.00018,0.0438582191510768
"537",26.372695446,0.00018,0.0442211368736738
"538",26.872695446,0.00018,0.0445642946198089
"539",27.372695446,0.00018,0.0448865368672258
"540",27.872695446,0.00018,0.0451867885157857
"541",1.372695446,2e-04,0.0246824226628048
"542",1.872695446,2e-04,0.0248775389427217
"543",2.372695446,2e-04,0.0250703935754115
"544",2.872695446,2e-04,0.0252614992559243
"545",3.372695446,2e-04,0.0254514358689786
"546",3.872695446,2e-04,0.0256408273285821
"547",4.372695446,2e-04,0.025830347799606
"548",4.872695446,2e-04,0.0260207185571026
"549",5.372695446,2e-04,0.0262127057719393
"550",5.872695446,2e-04,0.0264071171898189
"551",6.372695446,2e-04,0.0266047961264958
"552",6.872695446,2e-04,0.0268066079757208
"553",7.372695446,2e-04,0.0270134418793338
"554",7.872695446,2e-04,0.0272261788160181
"555",8.372695446,2e-04,0.027445677252201
"556",8.872695446,2e-04,0.0276727967029268
"557",9.372695446,2e-04,0.0279083711605437
"558",9.872695446,2e-04,0.0281531860955866
"559",10.372695446,2e-04,0.0284079713642081
"560",10.872695446,2e-04,0.0286734055293401
"561",11.372695446,2e-04,0.0289500798038798
"562",11.872695446,2e-04,0.0292384953424723
"563",12.372695446,2e-04,0.0295390447750378
"564",12.872695446,2e-04,0.0298520122021439
"565",13.372695446,2e-04,0.0301775595739912
"566",13.872695446,2e-04,0.0305157143871557
"567",14.372695446,2e-04,0.0308663740943928
"568",14.872695446,2e-04,0.0312292954607377
"569",15.372695446,2e-04,0.0316041050977287
"570",15.872695446,2e-04,0.0319902809134334
"571",16.372695446,2e-04,0.0323871681645241
"572",16.872695446,2e-04,0.0327939796709411
"573",17.372695446,2e-04,0.0332097937941286
"574",17.872695446,2e-04,0.0336335696991668
"575",18.372695446,2e-04,0.0340641649170819
"576",18.872695446,2e-04,0.0345003117794738
"577",19.372695446,2e-04,0.0349406658226318
"578",19.872695446,2e-04,0.0353838484874744
"579",20.372695446,2e-04,0.0358283809104684
"580",20.872695446,2e-04,0.0362726980765854
"581",21.372695446,2e-04,0.0367152651227606
"582",21.872695446,2e-04,0.0371545233365119
"583",22.372695446,2e-04,0.0375888177106296
"584",22.872695446,2e-04,0.03801652643783
"585",23.372695446,2e-04,0.0384360678143568
"586",23.872695446,2e-04,0.0388458566999949
"587",24.372695446,2e-04,0.0392443562515946
"588",24.872695446,2e-04,0.0396300692237046
"589",25.372695446,2e-04,0.0400015377241488
"590",25.872695446,2e-04,0.0403573705500852
"591",26.372695446,2e-04,0.0406962500138297
"592",26.872695446,2e-04,0.0410169240919142
"593",27.372695446,2e-04,0.041318216845254
"594",27.872695446,2e-04,0.0415990401107531
"595",1.372695446,0.00022,0.0243449399748805
"596",1.872695446,0.00022,0.0244727834809956
"597",2.372695446,0.00022,0.0245962570621165
"598",2.872695446,0.00022,0.0247159810809525
"599",3.372695446,0.00022,0.0248326620349137
"600",3.872695446,0.00022,0.0249470683808691
"601",4.372695446,0.00022,0.0250600390313842
"602",4.872695446,0.00022,0.0251724790198169
"603",5.372695446,0.00022,0.0252853562084637
"604",5.872695446,0.00022,0.0253996997014478
"605",6.372695446,0.00022,0.0255165921817689
"606",6.872695446,0.00022,0.0256371523447481
"607",7.372695446,0.00022,0.0257625393923533
"608",7.872695446,0.00022,0.025893917471665
"609",8.372695446,0.00022,0.0260324353578204
"610",8.872695446,0.00022,0.0261792497402507
"611",9.372695446,0.00022,0.026335494428434
"612",9.872695446,0.00022,0.0265022523007434
"613",10.372695446,0.00022,0.0266805439096118
"614",10.872695446,0.00022,0.0268713283812802
"615",11.372695446,0.00022,0.0270754601970914
"616",11.872695446,0.00022,0.0272936838791351
"617",12.372695446,0.00022,0.0275266117293181
"618",12.872695446,0.00022,0.0277747214501243
"619",13.372695446,0.00022,0.0280383378345389
"620",13.872695446,0.00022,0.0283176176551528
"621",14.372695446,0.00022,0.0286125543444364
"622",14.872695446,0.00022,0.0289229662253851
"623",15.372695446,0.00022,0.0292485077905845
"624",15.872695446,0.00022,0.0295886499190244
"625",16.372695446,0.00022,0.0299426993385631
"626",16.872695446,0.00022,0.0303098018430563
"627",17.372695446,0.00022,0.0306889433174825
"628",17.872695446,0.00022,0.0310789685753799
"629",18.372695446,0.00022,0.0314786011144384
"630",18.872695446,0.00022,0.0318864219573558
"631",19.372695446,0.00022,0.0323009282695819
"632",19.872695446,0.00022,0.0327205812875622
"633",20.372695446,0.00022,0.033143732112821
"634",20.872695446,0.00022,0.0335686430432975
"635",21.372695446,0.00022,0.0339936200659559
"636",21.872695446,0.00022,0.0344169512076291
"637",22.372695446,0.00022,0.0348368268795895
"638",22.872695446,0.00022,0.035251484098853
"639",23.372695446,0.00022,0.0356592157211254
"640",23.872695446,0.00022,0.0360583198187826
"641",24.372695446,0.00022,0.0364471556221258
"642",24.872695446,0.00022,0.0368241377687252
"643",25.372695446,0.00022,0.0371877335170213
"644",25.872695446,0.00022,0.0375364880759372
"645",26.372695446,0.00022,0.0378690330916014
"646",26.872695446,0.00022,0.0381840780614941
"647",27.372695446,0.00022,0.0384804193925591
"648",27.872695446,0.00022,0.0387569516918718
"649",1.372695446,0.00024,0.0227237440455716
"650",1.872695446,0.00024,0.0228552993278258
"651",2.372695446,0.00024,0.0229837803505888
"652",2.872695446,0.00024,0.0231098502186272
"653",3.372695446,0.00024,0.023234259586337
"654",3.872695446,0.00024,0.0233578228434198
"655",4.372695446,0.00024,0.0234814267104964
"656",4.872695446,0.00024,0.0236060258128074
"657",5.372695446,0.00024,0.0237326388883287
"658",5.872695446,0.00024,0.0238623468064693
"659",6.372695446,0.00024,0.0239962846261128
"660",6.872695446,0.00024,0.0241356235710562
"661",7.372695446,0.00024,0.0242815748701934
"662",7.872695446,0.00024,0.0244353530870193
"663",8.372695446,0.00024,0.0245981544813857
"664",8.872695446,0.00024,0.0247711796623079
"665",9.372695446,0.00024,0.0249556020266562
"666",9.872695446,0.00024,0.0251525383285787
"667",10.372695446,0.00024,0.0253630363505049
"668",10.872695446,0.00024,0.025588075302877
"669",11.372695446,0.00024,0.0258285218679607
"670",11.872695446,0.00024,0.0260851241832218
"671",12.372695446,0.00024,0.026358489092633
"672",12.872695446,0.00024,0.0266490795322416
"673",13.372695446,0.00024,0.0269571958931962
"674",13.872695446,0.00024,0.0272829612031727
"675",14.372695446,0.00024,0.0276263264738615
"676",14.872695446,0.00024,0.0279870596189668
"677",15.372695446,0.00024,0.0283647570579008
"678",15.872695446,0.00024,0.028758824533181
"679",16.372695446,0.00024,0.0291684970866811
"680",16.872695446,0.00024,0.0295928430891672
"681",17.372695446,0.00024,0.0300307663847511
"682",17.872695446,0.00024,0.030481025682998
"683",18.372695446,0.00024,0.030942254472624
"684",18.872695446,0.00024,0.0314129404387343
"685",19.372695446,0.00024,0.0318914856333426
"686",19.872695446,0.00024,0.0323762548194004
"687",20.372695446,0.00024,0.0328654996872673
"688",20.872695446,0.00024,0.0333573804028755
"689",21.372695446,0.00024,0.0338500996465751
"690",21.872695446,0.00024,0.0343418394319955
"691",22.372695446,0.00024,0.0348306802187903
"692",22.872695446,0.00024,0.035314747078246
"693",23.372695446,0.00024,0.0357922193952239
"694",23.872695446,0.00024,0.036261278963771
"695",24.372695446,0.00024,0.0367201666148058
"696",24.872695446,0.00024,0.0371671769716107
"697",25.372695446,0.00024,0.0376006555627094
"698",25.872695446,0.00024,0.0380190242681808
"699",26.372695446,0.00024,0.0384207896437522
"700",26.872695446,0.00024,0.0388045351674268
"701",27.372695446,0.00024,0.0391689316564287
"702",27.872695446,0.00024,0.039512748921213
"703",1.372695446,0.00026,0.0172408067551424
"704",1.872695446,0.00026,0.0174507944203097
"705",2.372695446,0.00026,0.0176632336433084
"706",2.872695446,0.00026,0.0178786633631292
"707",3.372695446,0.00026,0.0180976839035889
"708",3.872695446,0.00026,0.0183209405623206
"709",4.372695446,0.00026,0.0185491310899772
"710",4.872695446,0.00026,0.0187830028524293
"711",5.372695446,0.00026,0.0190233501148913
"712",5.872695446,0.00026,0.0192710147287901
"713",6.372695446,0.00026,0.0195268823274535
"714",6.872695446,0.00026,0.0197918713109373
"715",7.372695446,0.00026,0.0200669350105449
"716",7.872695446,0.00026,0.0203530325036658
"717",8.372695446,0.00026,0.0206511155408913
"718",8.872695446,0.00026,0.020962152126118
"719",9.372695446,0.00026,0.0212871033891723
"720",9.872695446,0.00026,0.021626900210654
"721",10.372695446,0.00026,0.0219824379740558
"722",10.872695446,0.00026,0.0223545814356286
"723",11.372695446,0.00026,0.0227441304921501
"724",11.872695446,0.00026,0.0231518143394683
"725",12.372695446,0.00026,0.0235782741580646
"726",12.872695446,0.00026,0.0240240604895144
"727",13.372695446,0.00026,0.0244896166869432
"728",13.872695446,0.00026,0.0249752652962424
"729",14.372695446,0.00026,0.0254812097770899
"730",14.872695446,0.00026,0.0260075226900546
"731",15.372695446,0.00026,0.0265541493863226
"732",15.872695446,0.00026,0.0271208861953686
"733",16.372695446,0.00026,0.0277073892235611
"734",16.872695446,0.00026,0.028313171415355
"735",17.372695446,0.00026,0.028937598292751
"736",17.872695446,0.00026,0.0295798957307706
"737",18.372695446,0.00026,0.0302391567960006
"738",18.872695446,0.00026,0.0309143184723343
"739",19.372695446,0.00026,0.0316042093186797
"740",19.872695446,0.00026,0.032307585483277
"741",20.372695446,0.00026,0.0330230553510596
"742",20.872695446,0.00026,0.0337490905492368
"743",21.372695446,0.00026,0.0344841408685795
"744",21.872695446,0.00026,0.0352265734787644
"745",22.372695446,0.00026,0.0359745952802416
"746",22.872695446,0.00026,0.0367263841037024
"747",23.372695446,0.00026,0.0374800999319093
"748",23.872695446,0.00026,0.0382338332889502
"749",24.372695446,0.00026,0.0389856548217836
"750",24.872695446,0.00026,0.0397336130821453
"751",25.372695446,0.00026,0.0404757336630198
"752",25.872695446,0.00026,0.0412100446327803
"753",26.372695446,0.00026,0.0419345847617238
"754",26.872695446,0.00026,0.0426474024520356
"755",27.372695446,0.00026,0.0433465737771567
"756",27.872695446,0.00026,0.0440302169738319
"757",1.372695446,0.00028,0.00732271869648428
"758",1.872695446,0.00028,0.00747305706682017
"759",2.372695446,0.00028,0.0076277889206676
"760",2.872695446,0.00028,0.00778724670816019
"761",3.372695446,0.00028,0.00795179280144423
"762",3.872695446,0.00028,0.00812181458041529
"763",4.372695446,0.00028,0.00829772886873545
"764",4.872695446,0.00028,0.00847998173976653
"765",5.372695446,0.00028,0.00866904838287205
"766",5.872695446,0.00028,0.00886543606638202
"767",6.372695446,0.00028,0.00906968471709396
"768",6.872695446,0.00028,0.00928236521020576
"769",7.372695446,0.00028,0.00950408121108422
"770",7.872695446,0.00028,0.00973545702020814
"771",8.372695446,0.00028,0.00997713545511986
"772",8.872695446,0.00028,0.0102297935997281
"773",9.372695446,0.00028,0.0104941348139196
"774",9.872695446,0.00028,0.0107708789998245
"775",10.372695446,0.00028,0.0110607648735497
"776",10.872695446,0.00028,0.0113645569088301
"777",11.372695446,0.00028,0.0116830315516648
"778",11.872695446,0.00028,0.0120169749273794
"779",12.372695446,0.00028,0.0123671774044113
"780",12.872695446,0.00028,0.0127344336853708
"781",13.372695446,0.00028,0.0131195356039152
"782",13.872695446,0.00028,0.0135232661803983
"783",14.372695446,0.00028,0.0139464004121695
"784",14.872695446,0.00028,0.0143896998355518
"785",15.372695446,0.00028,0.0148539117219688
"786",15.872695446,0.00028,0.0153397555350867
"787",16.372695446,0.00028,0.0158479226026373
"788",16.872695446,0.00028,0.0163790713921057
"789",17.372695446,0.00028,0.0169338222040753
"790",17.872695446,0.00028,0.0175127547986692
"791",18.372695446,0.00028,0.0181164027771674
"792",18.872695446,0.00028,0.018745237182585
"793",19.372695446,0.00028,0.0193996886700654
"794",19.872695446,0.00028,0.0200801607983384
"795",20.372695446,0.00028,0.0207869780205878
"796",20.872695446,0.00028,0.0215203817170541
"797",21.372695446,0.00028,0.0222805877593687
"798",21.872695446,0.00028,0.0230677425425115
"799",22.372695446,0.00028,0.023881867201131
"800",22.872695446,0.00028,0.0247229270584584
"801",23.372695446,0.00028,0.025590836041256
"802",23.872695446,0.00028,0.026485412296435
"803",24.372695446,0.00028,0.0274063941722191
"804",24.872695446,0.00028,0.0283534336664132
"805",25.372695446,0.00028,0.029326087528337
"806",25.872695446,0.00028,0.0303238217281871
"807",26.372695446,0.00028,0.031346003746723
"808",26.872695446,0.00028,0.0323918981857982
"809",27.372695446,0.00028,0.0334606773419938
"810",27.872695446,0.00028,0.0345514215049982
"811",1.372695446,3e-04,0.00155741105216236
"812",1.872695446,3e-04,0.00159845154754137
"813",2.372695446,3e-04,0.00164092386058318
"814",2.872695446,3e-04,0.00168491008439828
"815",3.372695446,3e-04,0.0017304982823991
"816",3.872695446,3e-04,0.00177778189978441
"817",4.372695446,3e-04,0.00182686075628962
"818",4.872695446,3e-04,0.00187784111075744
"819",5.372695446,3e-04,0.00193083573365989
"820",5.872695446,3e-04,0.0019859648740734
"821",6.372695446,3e-04,0.00204335667744087
"822",6.872695446,3e-04,0.00210314742142872
"823",7.372695446,3e-04,0.00216548195474037
"824",7.872695446,3e-04,0.00223051144704859
"825",8.372695446,3e-04,0.00229839371010036
"826",8.872695446,3e-04,0.00236929721532946
"827",9.372695446,3e-04,0.0024434000529015
"828",9.872695446,3e-04,0.00252088829154213
"829",10.372695446,3e-04,0.00260195750550123
"830",10.872695446,3e-04,0.00268681523488825
"831",11.372695446,3e-04,0.00277567906903731
"832",11.872695446,3e-04,0.00286877666715497
"833",12.372695446,3e-04,0.0029663457955239
"834",12.872695446,3e-04,0.00306863522709081
"835",13.372695446,3e-04,0.00317590424634736
"836",13.872695446,3e-04,0.00328842253802173
"837",14.372695446,3e-04,0.003406471367169
"838",14.872695446,3e-04,0.0035303438028424
"839",15.372695446,3e-04,0.00366034531340389
"840",15.872695446,3e-04,0.00379679207329264
"841",16.372695446,3e-04,0.00394001150766609
"842",16.872695446,3e-04,0.00409034245790612
"843",17.372695446,3e-04,0.00424813542561711
"844",17.872695446,3e-04,0.00441375277016078
"845",18.372695446,3e-04,0.00458756771814315
"846",18.872695446,3e-04,0.00476996257161643
"847",19.372695446,3e-04,0.00496133476716226
"848",19.872695446,3e-04,0.00516210048468729
"849",20.372695446,3e-04,0.0053726843969086
"850",20.872695446,3e-04,0.00559351938305744
"851",21.372695446,3e-04,0.00582505917792988
"852",21.872695446,3e-04,0.00606776980827421
"853",22.372695446,3e-04,0.00632211848697697
"854",22.872695446,3e-04,0.00658858912675208
"855",23.372695446,3e-04,0.00686768547404547
"856",23.872695446,3e-04,0.00715992139560058
"857",24.372695446,3e-04,0.00746582352366942
"858",24.872695446,3e-04,0.00778593126097764
"859",25.372695446,3e-04,0.00812079545855137
"860",25.872695446,3e-04,0.00847097888249387
"861",26.372695446,3e-04,0.00883705347468218
"862",26.872695446,3e-04,0.00921960054565985
"863",27.372695446,3e-04,0.00961921480355028
"864",27.872695446,3e-04,0.0100365038024367
"865",1.372695446,0.00032,0.000268633376064592
"866",1.872695446,0.00032,0.000277219235366304
"867",2.372695446,0.00032,0.000286115995826714
"868",2.872695446,0.00032,0.000295336991819005
"869",3.372695446,0.00032,0.000304896205758275
"870",3.872695446,0.00032,0.000314808231884673
"871",4.372695446,0.00032,0.000325088405480336
"872",4.872695446,0.00032,0.000335752788846182
"873",5.372695446,0.00032,0.000346818146368679
"874",5.872695446,0.00032,0.000358302101701188
"875",6.372695446,0.00032,0.000370223198446495
"876",6.872695446,0.00032,0.000382600978030167
"877",7.372695446,0.00032,0.00039545596290239
"878",7.872695446,0.00032,0.000408809279415943
"879",8.372695446,0.00032,0.000422682754240236
"880",8.872695446,0.00032,0.000437099536913016
"881",9.372695446,0.00032,0.000452083952555677
"882",9.872695446,0.00032,0.000467661212292619
"883",10.372695446,0.00032,0.000483857703077103
"884",10.872695446,0.00032,0.000500701385526988
"885",11.372695446,0.00032,0.000518221564295712
"886",11.872695446,0.00032,0.000536448834696375
"887",12.372695446,0.00032,0.000555415161962463
"888",12.872695446,0.00032,0.000575154011243778
"889",13.372695446,0.00032,0.000595700314710493
"890",13.872695446,0.00032,0.00061709052865737
"891",14.372695446,0.00032,0.000639362832723844
"892",14.872695446,0.00032,0.000662557273240596
"893",15.372695446,0.00032,0.00068671582889106
"894",15.872695446,0.00032,0.000711882276570029
"895",16.372695446,0.00032,0.000738102240170577
"896",16.872695446,0.00032,0.000765423311402591
"897",17.372695446,0.00032,0.000793895233721165
"898",17.872695446,0.00032,0.000823569945162343
"899",18.372695446,0.00032,0.000854501385962361
"900",18.872695446,0.00032,0.000886745558339317
"901",19.372695446,0.00032,0.00092036142148209
"902",19.872695446,0.00032,0.000955411314202958
"903",20.372695446,0.00032,0.000991959883736065
"904",20.872695446,0.00032,0.00103007415407443
"905",21.372695446,0.00032,0.00106982485535285
"906",21.872695446,0.00032,0.00111128559129734
"907",22.372695446,0.00032,0.00115453194111495
"908",22.872695446,0.00032,0.00119964317558924
"909",23.372695446,0.00032,0.00124670294126295
"910",23.872695446,0.00032,0.00129579827950062
"911",24.372695446,0.00032,0.00134701974645239
"912",24.872695446,0.00032,0.00140046176159209
"913",25.372695446,0.00032,0.00145622270559569
"914",25.872695446,0.00032,0.00151440497790678
"915",26.372695446,0.00032,0.0015751146819288
"916",26.872695446,0.00032,0.00163846209169201
"917",27.372695446,0.00032,0.00170456255991927
"918",27.872695446,0.00032,0.00177353655509818
